,Neighborhood,Exter Qual,Kitchen Qual,Garage Qual,Fireplace Qu,Bsmt Qual,Heating QC,Garage Finish,Overall Qual,House Style
0,NAmes,TA,TA,TA,Gd,TA,Fa,Fin,6,1Story
3,NAmes,Gd,Ex,TA,TA,TA,Ex,Fin,7,1Story
4,Gilbert,TA,TA,TA,TA,Gd,Gd,Fin,5,2Story
5,Gilbert,TA,Gd,TA,Gd,TA,Ex,Fin,6,2Story
8,StoneBr,Gd,Gd,TA,TA,Gd,Ex,RFn,8,1Story
9,Gilbert,TA,Gd,TA,TA,TA,Gd,Fin,7,2Story
10,Gilbert,TA,TA,TA,TA,Gd,Gd,Fin,6,2Story
12,Gilbert,TA,TA,TA,Gd,Gd,Gd,Fin,6,2Story
13,Gilbert,TA,Gd,TA,Po,Gd,Gd,Unf,7,1Story
15,StoneBr,Ex,Ex,TA,Gd,Gd,Ex,Fin,8,2Story
17,StoneBr,Gd,Ex,TA,Ex,Ex,Ex,Fin,9,1Story
19,NWAmes,TA,TA,TA,TA,Gd,TA,Unf,6,1Story
20,NWAmes,TA,TA,TA,TA,Gd,Ex,RFn,6,1Story
21,NWAmes,TA,Gd,TA,TA,Gd,TA,RFn,7,SFoyer
23,NAmes,TA,TA,TA,TA,TA,Ex,Fin,6,1Story
24,NAmes,TA,TA,TA,Fa,TA,Ex,Fin,5,1Story
25,NAmes,TA,TA,TA,Fa,TA,Ex,Unf,5,1Story
28,NAmes,Gd,Gd,TA,Fa,Gd,Ex,Fin,7,1Story
32,NPkVill,TA,TA,TA,Fa,Gd,TA,RFn,6,1Story
33,NPkVill,TA,Gd,TA,TA,TA,TA,Unf,6,2Story
35,NPkVill,TA,TA,TA,TA,Gd,Fa,Unf,6,2Story
36,NridgHt,Ex,Ex,TA,Gd,Ex,Ex,Fin,9,2Story
37,NridgHt,Gd,Gd,TA,Gd,Ex,Ex,RFn,8,1Story
38,NridgHt,Ex,Ex,TA,Gd,Ex,Ex,Fin,9,1Story
40,NridgHt,Gd,Gd,TA,Gd,Gd,Ex,RFn,7,1Story
41,NridgHt,Gd,Ex,TA,Gd,Ex,Ex,Fin,9,1Story
42,NridgHt,Gd,Ex,TA,Gd,Ex,Ex,RFn,8,1Story
44,NridgHt,Ex,Ex,TA,Gd,Ex,Ex,Fin,9,1Story
45,NridgHt,Gd,Gd,TA,Gd,Gd,Ex,RFn,7,1Story
46,NridgHt,Ex,Ex,TA,Gd,Ex,Ex,Fin,9,1Story
47,NridgHt,Gd,Gd,TA,Ex,Gd,Ex,Fin,8,2Story
48,NridgHt,Ex,Ex,TA,Gd,Ex,Ex,RFn,9,1Story
49,NridgHt,Gd,Gd,TA,Gd,Gd,Ex,RFn,8,1Story
53,Blmngtn,Gd,Gd,TA,TA,Gd,Ex,Fin,8,1Story
54,Gilbert,Gd,Gd,TA,Gd,Gd,Ex,Fin,7,SLvl
55,Gilbert,Gd,Gd,TA,TA,Gd,Ex,Fin,6,2Story
56,Gilbert,Gd,Gd,TA,Gd,Gd,Ex,Fin,7,2Story
57,Gilbert,TA,TA,TA,TA,Gd,Ex,Fin,7,SLvl
58,Gilbert,Gd,Gd,TA,Gd,Gd,Ex,Fin,7,2Story
59,NoRidge,Gd,Gd,TA,TA,Gd,Ex,Fin,9,2Story
60,NoRidge,Gd,Gd,TA,TA,Ex,Ex,Fin,8,2Story
61,NoRidge,Gd,Gd,TA,TA,Gd,Ex,Fin,7,1Story
62,NoRidge,Gd,Gd,TA,TA,Ex,Ex,RFn,8,2Story
63,NoRidge,Gd,Gd,TA,Gd,Gd,Ex,Fin,8,2Story
65,NoRidge,Gd,Gd,TA,Ex,Gd,Ex,Fin,8,1.5Fin
66,Somerst,Gd,Gd,TA,Gd,Gd,Ex,RFn,8,1Story
70,Somerst,Gd,Gd,TA,Gd,Gd,Ex,RFn,7,2Story
71,Somerst,Gd,Gd,TA,Gd,Ex,Ex,Fin,6,1Story
74,SawyerW,Gd,Gd,TA,Fa,Gd,Ex,RFn,7,2Story
75,SawyerW,TA,TA,TA,TA,Gd,TA,RFn,6,1Story
76,SawyerW,Gd,Gd,TA,TA,Gd,Ex,RFn,6,2Story
77,SawyerW,TA,TA,TA,TA,Gd,TA,Unf,6,1Story
81,SawyerW,TA,TA,TA,TA,Gd,TA,Unf,6,2Story
85,Sawyer,TA,TA,TA,Gd,TA,Ex,Unf,5,1Story
89,Sawyer,TA,TA,TA,Fa,TA,Ex,Fin,6,1Story
90,NoRidge,Gd,Gd,TA,TA,Gd,Ex,RFn,7,2Story
91,NoRidge,Gd,Gd,TA,TA,Gd,Ex,RFn,8,2Story
92,NoRidge,Gd,Gd,TA,TA,Gd,Ex,RFn,8,2Story
93,Somerst,Gd,Gd,TA,Gd,Ex,Ex,Fin,7,1Story
99,Somerst,Ex,Gd,TA,Gd,Ex,Ex,Fin,7,1Story
104,Somerst,Gd,Gd,TA,Gd,Ex,Ex,RFn,8,1Story
105,Somerst,Gd,Gd,TA,TA,Gd,Ex,RFn,8,2Story
106,Greens,Gd,Gd,TA,TA,Gd,TA,Fin,8,1Story
107,Greens,Gd,Gd,TA,TA,Gd,TA,Fin,8,1Story
109,Somerst,Gd,Gd,TA,Gd,Gd,Ex,RFn,7,1Story
111,NWAmes,TA,Gd,TA,TA,Gd,Ex,Unf,6,2Story
112,NWAmes,TA,Gd,TA,TA,TA,Gd,RFn,6,1Story
113,NWAmes,TA,TA,TA,TA,Gd,TA,RFn,6,1.5Fin
114,NWAmes,TA,TA,TA,TA,Gd,TA,Unf,7,2Story
115,NWAmes,TA,Gd,TA,TA,TA,TA,RFn,6,1Story
118,NWAmes,TA,TA,TA,Gd,TA,TA,Unf,6,1Story
123,NAmes,TA,TA,TA,Gd,TA,TA,RFn,5,SLvl
127,NAmes,Gd,TA,TA,Gd,TA,Gd,Unf,5,1.5Fin
128,NAmes,TA,TA,TA,Gd,TA,TA,Unf,6,1.5Fin
132,NAmes,TA,TA,TA,Gd,TA,Ex,RFn,6,SLvl
133,NAmes,TA,TA,TA,Gd,TA,Gd,Fin,5,1Story
134,NAmes,TA,Gd,TA,Gd,TA,Gd,Unf,6,SFoyer
136,NAmes,TA,TA,TA,Gd,Gd,TA,RFn,7,1Story
137,NAmes,Gd,Gd,TA,Gd,TA,Ex,Fin,6,1Story
141,NAmes,TA,Gd,TA,Gd,TA,Gd,RFn,5,1Story
145,NAmes,TA,TA,TA,Gd,TA,TA,Unf,5,1Story
147,NAmes,TA,TA,TA,Gd,TA,Ex,Unf,6,1Story
157,NAmes,TA,TA,TA,Gd,TA,TA,Unf,6,1.5Fin
159,NAmes,TA,Gd,TA,Gd,TA,Ex,Fin,5,1Story
160,NAmes,Gd,Gd,TA,Gd,Gd,Ex,Fin,7,SLvl
167,NAmes,TA,TA,TA,TA,TA,TA,RFn,6,1Story
168,NAmes,TA,TA,TA,TA,TA,TA,Unf,6,2Story
169,OldTown,TA,TA,TA,Gd,TA,TA,Unf,4,1.5Fin
172,OldTown,TA,TA,TA,Gd,TA,Gd,Unf,5,1Story
176,OldTown,TA,Gd,TA,Gd,TA,TA,Unf,5,1Story
179,OldTown,TA,Gd,TA,Gd,TA,Ex,Unf,5,1.5Fin
181,OldTown,TA,TA,Fa,Gd,Fa,TA,Unf,2,1Story
192,BrkSide,TA,Gd,TA,Gd,Gd,TA,Unf,7,2.5Unf
195,BrkSide,TA,TA,TA,Gd,TA,Ex,Unf,6,1.5Fin
196,BrkSide,TA,Gd,TA,Fa,TA,TA,Unf,5,1.5Fin
199,BrkSide,TA,TA,TA,Gd,TA,TA,Unf,5,1.5Fin
200,OldTown,TA,TA,TA,Gd,Fa,TA,Unf,6,1Story
202,OldTown,TA,TA,TA,TA,TA,Ex,Unf,4,1.5Fin
207,OldTown,TA,Gd,TA,Po,Gd,Gd,Unf,5,2Story
208,ClearCr,TA,TA,TA,TA,TA,Ex,Unf,7,2Story
209,ClearCr,TA,TA,TA,Gd,Gd,Gd,Unf,5,1Story
214,SWISU,TA,TA,TA,Gd,TA,Gd,Unf,5,1.5Fin
219,Sawyer,TA,TA,TA,Gd,Gd,TA,Unf,5,1Story
220,Sawyer,TA,TA,TA,Fa,TA,TA,Unf,5,1Story
221,Sawyer,TA,Gd,TA,TA,TA,Ex,Unf,5,1Story
225,Sawyer,TA,TA,TA,TA,Gd,TA,Fin,5,SFoyer
226,Sawyer,TA,TA,TA,TA,TA,Ex,Unf,5,2Story
227,Sawyer,TA,TA,TA,TA,TA,TA,Fin,6,2Story
229,ClearCr,Gd,TA,TA,TA,Gd,Gd,RFn,7,1Story
232,ClearCr,Gd,Gd,TA,TA,Gd,TA,Fin,7,1Story
233,ClearCr,TA,Gd,TA,TA,Gd,Ex,Fin,6,2Story
234,Edwards,TA,Fa,TA,Gd,TA,TA,RFn,3,1.5Fin
236,Edwards,TA,Gd,TA,TA,TA,Ex,Unf,6,1Story
238,Edwards,TA,TA,Fa,TA,TA,Ex,Unf,4,1.5Fin
241,Edwards,Gd,Gd,TA,TA,Gd,Ex,RFn,7,1Story
244,SawyerW,Gd,Gd,TA,TA,Gd,TA,Fin,6,2Story
245,SawyerW,Gd,Gd,Gd,TA,Gd,Ex,RFn,7,1Story
246,SawyerW,Gd,Gd,TA,Gd,Gd,Ex,RFn,6,2Story
247,SawyerW,Gd,Gd,TA,TA,Gd,Ex,Fin,7,2Story
253,SawyerW,TA,Gd,TA,TA,Gd,Gd,Unf,7,2Story
257,CollgCr,TA,TA,TA,TA,Gd,Ex,RFn,7,2Story
263,CollgCr,Gd,Gd,TA,Gd,Gd,Ex,RFn,8,1Story
264,CollgCr,Gd,Gd,TA,TA,Gd,Ex,RFn,8,1Story
265,CollgCr,Gd,Gd,TA,TA,Gd,Ex,RFn,7,2Story
266,CollgCr,Gd,Gd,TA,TA,Gd,Ex,Fin,7,2Story
270,CollgCr,Gd,Gd,TA,TA,Gd,Ex,Fin,8,1Story
278,Edwards,TA,TA,TA,Fa,TA,TA,Unf,6,SLvl
279,Edwards,TA,TA,TA,TA,TA,TA,Unf,6,SLvl
282,Edwards,TA,TA,TA,Gd,TA,TA,Unf,6,1.5Fin
284,Edwards,TA,TA,TA,Gd,TA,Ex,Unf,5,1Story
285,SWISU,TA,Fa,TA,Gd,TA,Fa,Unf,5,1Story
288,SWISU,TA,Gd,TA,Gd,TA,TA,Unf,5,1.5Fin
289,SWISU,TA,TA,TA,Gd,TA,TA,Unf,6,1Story
292,SWISU,TA,Gd,TA,Gd,TA,Ex,Unf,6,1.5Fin
293,Crawfor,Gd,TA,TA,TA,Gd,Ex,Unf,7,1.5Fin
295,Crawfor,Ex,Gd,TA,Gd,TA,Ex,RFn,7,2Story
296,Crawfor,Gd,Ex,TA,TA,Gd,TA,Fin,7,1Story
298,Blueste,Gd,Gd,TA,TA,Gd,Gd,Fin,8,1Story
299,Blueste,Gd,Gd,TA,TA,Gd,Gd,Unf,8,1Story
300,Crawfor,TA,TA,TA,TA,TA,TA,Fin,7,1Story
308,Crawfor,Gd,Gd,TA,Gd,Ex,Ex,Fin,8,1Story
309,Mitchel,Gd,Gd,TA,TA,Gd,Ex,Unf,8,2Story
310,Mitchel,TA,Gd,TA,Fa,TA,TA,Unf,6,SLvl
314,Timber,TA,TA,TA,TA,TA,TA,Unf,5,1Story
315,Timber,Gd,Gd,TA,TA,Gd,Ex,Fin,7,1Story
318,Timber,Gd,Ex,TA,Gd,Ex,Ex,Fin,8,2Story
319,Timber,Gd,Gd,TA,Gd,Gd,Ex,Fin,7,2Story
321,Timber,Ex,Ex,TA,Gd,Ex,Ex,Fin,9,1Story
322,Mitchel,TA,TA,TA,TA,TA,TA,Unf,5,1Story
325,Mitchel,TA,TA,TA,Gd,Gd,Ex,Unf,5,1Story
327,MeadowV,TA,TA,TA,Po,Gd,Ex,RFn,5,1Story
339,Mitchel,Gd,Gd,TA,TA,Gd,Ex,Unf,8,1Story
340,Mitchel,Gd,Gd,TA,Fa,Gd,Ex,Fin,6,2Story
342,NAmes,TA,TA,TA,Gd,TA,TA,RFn,6,1Story
343,NAmes,Gd,Ex,TA,TA,Gd,Gd,Fin,8,SLvl
344,Gilbert,TA,TA,TA,TA,Gd,Ex,Fin,6,2Story
345,Gilbert,Gd,Gd,TA,Gd,Gd,Ex,Fin,8,2Story
346,Gilbert,TA,TA,TA,TA,Gd,Gd,Fin,7,SLvl
347,Gilbert,Ex,Ex,TA,Gd,Ex,Ex,Fin,9,1Story
348,Gilbert,TA,TA,TA,TA,Gd,Gd,Fin,7,SLvl
349,StoneBr,Gd,Gd,TA,Gd,Ex,Ex,Fin,8,1Story
350,StoneBr,Gd,Ex,TA,Ex,Gd,Ex,Fin,8,1Story
353,Gilbert,Gd,TA,TA,TA,Gd,Gd,Fin,7,SLvl
354,Gilbert,TA,TA,TA,TA,Gd,Gd,Fin,7,2Story
355,Gilbert,Gd,TA,TA,TA,Gd,Gd,Fin,6,2Story
356,Gilbert,Gd,TA,TA,TA,Gd,Gd,RFn,6,2Story
357,Gilbert,Ex,TA,TA,TA,Gd,Gd,Fin,6,2Story
358,Gilbert,TA,Gd,TA,TA,Gd,Gd,Fin,6,2Story
359,Gilbert,TA,Gd,TA,TA,Gd,Ex,Unf,6,1Story
360,Gilbert,TA,TA,TA,TA,Gd,Gd,RFn,6,2Story
361,Gilbert,TA,TA,TA,TA,Gd,Gd,Fin,6,2Story
363,Gilbert,Gd,Gd,TA,TA,Gd,Ex,Fin,7,2Story
365,StoneBr,Gd,Gd,TA,Ex,Gd,Gd,RFn,8,1Story
366,StoneBr,Ex,Ex,TA,Gd,Ex,Ex,Fin,9,1Story
367,StoneBr,Gd,Gd,TA,Gd,Ex,Ex,Fin,8,1Story
368,StoneBr,Gd,Gd,TA,Gd,Ex,Ex,Fin,7,1Story
369,Gilbert,TA,TA,TA,TA,Gd,Ex,Unf,5,2Story
370,NWAmes,Gd,Ex,TA,TA,Gd,TA,RFn,7,2Story
371,NWAmes,TA,TA,TA,TA,Gd,TA,Unf,6,1Story
372,NWAmes,TA,TA,TA,TA,TA,TA,Fin,7,1Story
373,NWAmes,Gd,Gd,TA,TA,Gd,Gd,Fin,6,1Story
374,NWAmes,TA,Gd,TA,TA,Gd,TA,RFn,7,2Story
375,NWAmes,TA,TA,TA,TA,TA,TA,RFn,6,1Story
376,NWAmes,TA,Gd,TA,TA,Gd,TA,RFn,7,2Story
377,NWAmes,TA,TA,TA,TA,Gd,TA,Unf,7,SLvl
378,NWAmes,TA,TA,TA,TA,TA,Gd,Fin,6,1Story
379,NWAmes,Gd,Gd,TA,Gd,Gd,TA,Fin,8,1Story
380,NWAmes,TA,TA,TA,TA,Gd,TA,RFn,7,1Story
381,NWAmes,TA,TA,TA,TA,Gd,TA,RFn,7,1Story
382,NWAmes,TA,Gd,TA,TA,TA,Ex,Unf,5,2Story
383,Somerst,Gd,Ex,TA,Ex,Gd,Ex,RFn,7,2Story
385,Somerst,Gd,Gd,TA,TA,Gd,Ex,Fin,8,2Story
386,Somerst,Gd,Gd,TA,Gd,Gd,Ex,RFn,8,2Story
387,NWAmes,TA,TA,TA,Fa,Gd,TA,RFn,5,1Story
388,NWAmes,TA,TA,TA,TA,TA,Ex,RFn,6,1Story
389,NWAmes,TA,TA,TA,TA,TA,Fa,Unf,7,1Story
390,NWAmes,TA,TA,TA,TA,Gd,TA,RFn,6,1Story
391,NWAmes,TA,TA,TA,TA,TA,TA,RFn,6,SLvl
409,NPkVill,TA,TA,TA,TA,Gd,TA,RFn,6,2Story
410,NPkVill,TA,TA,TA,TA,Gd,TA,Unf,6,2Story
411,NPkVill,TA,TA,TA,Fa,Gd,TA,RFn,7,1Story
412,NPkVill,TA,TA,TA,Fa,TA,TA,Unf,6,2Story
413,NPkVill,TA,TA,TA,TA,Gd,TA,Unf,6,2Story
414,NPkVill,TA,TA,TA,TA,Gd,TA,Unf,6,2Story
415,NPkVill,TA,TA,TA,TA,TA,TA,Unf,6,2Story
416,NPkVill,Gd,TA,TA,TA,Gd,TA,Fin,6,2Story
419,NAmes,Gd,TA,TA,TA,TA,Ex,RFn,5,1Story
420,NridgHt,Ex,Ex,TA,Gd,Ex,Ex,Fin,10,1Story
421,NridgHt,Ex,Ex,TA,Gd,Ex,Ex,Fin,9,2Story
422,NridgHt,Ex,Ex,TA,Gd,Ex,Ex,Fin,9,2Story
423,NridgHt,Ex,Ex,TA,Gd,Ex,Ex,Fin,10,1Story
424,NridgHt,Gd,Ex,TA,Ex,Ex,Ex,Fin,9,1Story
425,NridgHt,Gd,Gd,TA,Gd,Gd,Ex,RFn,8,1Story
426,NridgHt,Ex,Ex,TA,Gd,Ex,Ex,RFn,8,1Story
427,NridgHt,Gd,Ex,TA,Gd,Ex,Ex,RFn,9,2Story
428,NridgHt,Ex,Ex,TA,Gd,Ex,Ex,Fin,9,2Story
429,NridgHt,Ex,Ex,TA,Gd,Ex,Ex,RFn,9,1Story
430,NridgHt,Ex,Ex,TA,Gd,Ex,Ex,Fin,10,1Story
431,NridgHt,Ex,Ex,TA,Gd,Ex,Ex,RFn,10,2Story
432,NridgHt,Ex,Ex,TA,Gd,Ex,Ex,Fin,10,1Story
433,NridgHt,Ex,Ex,TA,Gd,Ex,Ex,RFn,9,2Story
434,NridgHt,Ex,Ex,TA,Gd,Ex,Ex,RFn,9,1Story
435,NridgHt,Gd,Gd,TA,Gd,Ex,Ex,Fin,8,1Story
436,NridgHt,Gd,Ex,TA,Gd,Ex,Ex,Fin,8,2Story
437,NridgHt,Gd,Gd,TA,Gd,Ex,Ex,RFn,8,1Story
438,NridgHt,Ex,Ex,TA,Gd,Ex,Ex,RFn,9,1Story
439,NridgHt,Gd,Ex,TA,Gd,Ex,Ex,Fin,8,1Story
440,NridgHt,Gd,Ex,TA,Gd,Ex,Ex,Fin,9,1Story
441,NridgHt,Ex,Ex,TA,Gd,Ex,Ex,Fin,9,1Story
442,NridgHt,Gd,Ex,TA,Gd,Ex,Ex,Fin,9,2Story
443,NridgHt,Gd,Gd,TA,Gd,Ex,Ex,Fin,8,1Story
444,NridgHt,Gd,Gd,TA,Gd,Gd,Ex,RFn,8,1Story
445,NridgHt,Gd,Gd,TA,Gd,Gd,Ex,Fin,7,1Story
447,NridgHt,Ex,Ex,TA,Ex,Ex,Ex,Fin,10,1Story
448,NridgHt,Gd,Ex,TA,Gd,Ex,Ex,Fin,9,1Story
449,NridgHt,Gd,Gd,TA,Gd,Gd,Ex,Fin,8,2Story
450,NridgHt,Gd,Gd,TA,Gd,Gd,Gd,RFn,8,1Story
451,NridgHt,Gd,Gd,TA,Gd,Gd,Ex,RFn,6,1Story
452,NridgHt,Gd,Gd,TA,Gd,Gd,Ex,RFn,6,1Story
453,NridgHt,Gd,Gd,TA,Gd,Gd,Ex,RFn,6,1Story
454,NridgHt,Gd,Gd,TA,Gd,Gd,Ex,RFn,7,1Story
455,NridgHt,Gd,Gd,TA,Gd,Gd,Ex,RFn,7,1Story
456,NridgHt,Ex,Ex,TA,Ex,Ex,Ex,Fin,10,1Story
457,NridgHt,Gd,Ex,TA,Gd,Ex,Ex,Fin,8,1Story
458,NridgHt,Ex,Ex,TA,Gd,Ex,Ex,Fin,9,1Story
459,NridgHt,Ex,Ex,TA,Gd,Ex,Ex,RFn,9,1Story
460,NridgHt,Gd,Gd,TA,Gd,Ex,Ex,RFn,8,1Story
461,NridgHt,Gd,Gd,TA,Gd,Gd,Ex,Fin,8,1Story
462,NridgHt,Gd,Gd,TA,TA,Gd,Ex,RFn,7,1Story
464,Gilbert,Gd,Gd,TA,Gd,Gd,Ex,Fin,7,2Story
465,Gilbert,Gd,Gd,TA,Gd,Gd,Ex,Fin,6,2Story
466,Gilbert,Gd,Gd,TA,Gd,Gd,Ex,Fin,6,2Story
467,Gilbert,Gd,Gd,TA,Gd,Gd,Ex,Fin,6,2Story
468,Blmngtn,Gd,Gd,TA,TA,Gd,Ex,Fin,7,1Story
469,Blmngtn,Gd,Gd,TA,TA,Gd,Ex,RFn,7,1Story
470,Blmngtn,Gd,Gd,TA,TA,Gd,Ex,Fin,7,1Story
471,Blmngtn,Gd,Gd,TA,Gd,Gd,Ex,Fin,7,1Story
472,Blmngtn,Gd,Gd,TA,Gd,Gd,Ex,Fin,7,1Story
473,Blmngtn,Gd,Gd,TA,Gd,Gd,Ex,Fin,7,1Story
474,Gilbert,Gd,Gd,TA,Gd,Gd,Ex,Fin,7,2Story
475,Gilbert,Gd,Gd,TA,TA,Gd,Ex,RFn,6,2Story
476,Gilbert,Gd,Gd,TA,Gd,Gd,Ex,Fin,7,SLvl
477,Gilbert,Gd,Gd,TA,Gd,Gd,Ex,Fin,7,2Story
478,Gilbert,Gd,Gd,TA,TA,Gd,Ex,Fin,8,SLvl
479,Gilbert,Gd,Gd,TA,Gd,Gd,Ex,Fin,7,2Story
480,Gilbert,Gd,Gd,TA,Gd,Gd,Ex,Fin,7,2Story
481,Gilbert,Gd,Gd,TA,TA,Gd,Ex,Fin,7,2Story
482,NridgHt,Gd,Gd,TA,Gd,Gd,Ex,RFn,7,1Story
483,Gilbert,Gd,Gd,TA,TA,Gd,Ex,Fin,7,2Story
484,Gilbert,Gd,Gd,TA,Gd,Ex,Ex,Fin,8,2Story
485,Gilbert,Gd,Gd,TA,TA,Gd,Ex,RFn,6,2Story
487,Gilbert,TA,TA,TA,TA,Gd,Ex,Fin,6,2Story
488,Gilbert,TA,TA,TA,TA,Gd,Ex,Fin,6,2Story
489,Gilbert,TA,TA,TA,TA,Gd,Ex,RFn,7,SLvl
490,Gilbert,Gd,Gd,TA,TA,Gd,Ex,Fin,7,2Story
491,Gilbert,TA,TA,TA,TA,Gd,Ex,Fin,6,2Story
492,Gilbert,Gd,Gd,TA,TA,Gd,Ex,RFn,7,2Story
493,Gilbert,TA,TA,TA,TA,TA,Ex,Fin,7,SLvl
494,NoRidge,Gd,Gd,TA,Gd,Gd,Ex,RFn,8,2Story
495,NoRidge,Gd,Ex,TA,TA,Gd,Ex,Fin,8,2Story
496,NoRidge,Gd,Gd,TA,TA,Gd,Ex,RFn,8,2Story
497,NoRidge,Gd,Gd,TA,TA,Gd,Ex,Fin,8,2Story
498,NoRidge,Gd,Gd,TA,TA,Gd,Ex,Fin,8,2Story
499,NoRidge,Gd,Gd,TA,TA,Gd,Ex,RFn,7,2Story
500,NoRidge,Gd,Gd,TA,Gd,Gd,Ex,Fin,8,1Story
501,NoRidge,Gd,Gd,TA,TA,Gd,Ex,RFn,7,2Story
502,NoRidge,Gd,Gd,TA,TA,Gd,Ex,Fin,7,2Story
503,NoRidge,Gd,Gd,TA,TA,Gd,Ex,RFn,8,2Story
504,NoRidge,Gd,Gd,TA,TA,Gd,Ex,RFn,8,2Story
505,NoRidge,Gd,Gd,TA,Gd,Gd,Ex,Fin,7,2Story
506,Somerst,Gd,Gd,TA,Gd,Gd,Ex,Fin,8,1Story
508,Somerst,Gd,Gd,TA,Gd,Gd,Ex,Fin,8,1Story
509,Somerst,Gd,Ex,TA,Gd,Gd,Ex,Fin,8,1Story
510,Somerst,Gd,Gd,TA,Gd,Gd,Ex,RFn,8,1Story
511,Somerst,Gd,Gd,TA,Gd,Ex,Ex,Fin,8,1Story
512,Somerst,Gd,Gd,TA,Gd,Gd,Ex,RFn,7,2Story
513,Somerst,Ex,Ex,TA,Gd,Ex,Ex,Fin,9,1Story
514,Somerst,TA,Gd,TA,TA,Gd,Ex,RFn,7,2Story
520,Somerst,Gd,Gd,TA,Gd,Gd,Ex,RFn,9,1Story
521,Somerst,Ex,Ex,TA,Gd,Ex,Ex,Fin,9,1Story
522,Somerst,Gd,Gd,TA,Gd,Gd,Ex,RFn,8,1Story
523,Somerst,Ex,Ex,TA,Ex,Ex,Ex,Fin,10,2Story
524,Somerst,Gd,Gd,TA,Gd,Ex,Ex,Fin,8,2Story
525,Somerst,Gd,Gd,TA,Gd,Gd,Ex,RFn,8,2Story
527,Somerst,Gd,Gd,TA,Gd,Gd,Ex,Fin,8,1Story
528,Somerst,Gd,Ex,TA,Gd,Gd,Ex,RFn,7,1Story
529,Somerst,Gd,Gd,TA,Gd,Gd,Ex,Fin,7,2Story
543,SawyerW,Gd,Gd,TA,TA,Gd,Ex,RFn,7,2Story
544,SawyerW,Gd,Gd,TA,Gd,Gd,Ex,Fin,8,1Story
545,SawyerW,Gd,Gd,TA,TA,Gd,Ex,RFn,7,1Story
547,SawyerW,TA,TA,TA,TA,Gd,TA,RFn,6,2Story
560,Sawyer,TA,TA,TA,TA,TA,Ex,RFn,5,1Story
561,Sawyer,TA,TA,TA,Po,TA,Gd,Unf,5,1Story
563,Veenker,Gd,Gd,TA,Gd,Gd,Gd,RFn,8,1Story
564,NoRidge,Gd,Gd,TA,TA,Gd,Ex,Unf,7,2Story
565,Somerst,Gd,Gd,TA,TA,Gd,Ex,Fin,7,2Story
568,Somerst,Gd,Gd,TA,Gd,Gd,Ex,Fin,6,1Story
569,Somerst,Gd,Gd,TA,Gd,Gd,Ex,Fin,6,1Story
574,Veenker,Ex,Ex,TA,Gd,Gd,Ex,Fin,8,1Story
575,Greens,Gd,Gd,TA,TA,Gd,TA,Fin,8,1Story
577,Veenker,Gd,TA,TA,Gd,TA,Ex,Unf,8,SLvl
578,Sawyer,TA,TA,TA,TA,TA,Ex,Unf,4,1Story
580,NWAmes,TA,TA,TA,TA,TA,TA,RFn,6,1Story
581,NWAmes,TA,Gd,TA,Gd,TA,Gd,RFn,6,1Story
582,NWAmes,TA,TA,TA,TA,Gd,Ex,RFn,7,2Story
583,NWAmes,TA,Gd,TA,TA,TA,TA,RFn,7,2Story
584,NWAmes,TA,TA,TA,TA,TA,TA,Unf,6,2Story
585,NWAmes,TA,Gd,TA,TA,TA,Gd,RFn,6,2Story
586,NWAmes,TA,TA,TA,Gd,Gd,Fa,RFn,6,SLvl
587,NWAmes,TA,TA,TA,Fa,Gd,TA,RFn,5,1Story
589,NWAmes,TA,Gd,TA,TA,Gd,Ex,RFn,7,2Story
590,NWAmes,TA,TA,TA,TA,Gd,TA,RFn,6,1Story
591,NWAmes,Gd,Gd,TA,TA,Ex,Ex,Fin,7,1Story
596,NWAmes,TA,TA,TA,TA,TA,Gd,RFn,7,2Story
597,NWAmes,TA,TA,TA,Gd,Gd,Fa,RFn,6,SFoyer
598,NWAmes,TA,TA,TA,Gd,TA,TA,Unf,6,1Story
599,NAmes,TA,TA,TA,Po,TA,Gd,Unf,4,1Story
602,NAmes,TA,TA,TA,Gd,TA,TA,RFn,4,1Story
603,NAmes,TA,TA,TA,Gd,TA,Fa,Unf,5,1Story
606,NAmes,TA,Gd,TA,TA,TA,TA,RFn,5,1Story
607,NAmes,TA,TA,TA,Gd,TA,TA,Unf,5,1Story
608,NAmes,TA,TA,TA,Po,TA,Ex,RFn,5,1Story
609,NAmes,TA,TA,TA,TA,TA,TA,Fin,5,2Story
610,NAmes,TA,TA,TA,Fa,TA,TA,RFn,6,SLvl
612,NAmes,TA,Gd,TA,Po,TA,Ex,Fin,6,SLvl
615,BrkSide,TA,Gd,TA,TA,TA,TA,Unf,5,1.5Fin
616,NAmes,TA,TA,TA,TA,TA,Ex,RFn,6,1Story
618,NAmes,TA,TA,TA,Gd,TA,TA,Fin,6,1Story
621,NAmes,Gd,Gd,TA,Gd,TA,Gd,Unf,5,1Story
623,NAmes,TA,TA,TA,TA,TA,Ex,RFn,6,1Story
624,NAmes,TA,TA,TA,Gd,Gd,Gd,RFn,6,1Story
625,NAmes,TA,Gd,TA,Gd,TA,Gd,Unf,6,1Story
626,NAmes,TA,TA,TA,Fa,TA,TA,Unf,7,2Story
627,NAmes,TA,Gd,TA,Gd,Gd,TA,Fin,6,2Story
628,NAmes,TA,TA,TA,TA,Fa,Gd,RFn,6,1Story
629,NAmes,TA,TA,TA,Gd,TA,Gd,Unf,4,1.5Fin
631,NAmes,TA,TA,TA,Gd,TA,Gd,RFn,6,1Story
632,NAmes,TA,TA,TA,Gd,TA,Gd,Unf,7,1Story
634,NAmes,TA,TA,TA,Gd,TA,Gd,RFn,6,1Story
638,NAmes,TA,TA,TA,Gd,TA,TA,Unf,4,1Story
639,NAmes,TA,TA,TA,TA,TA,TA,Unf,6,SLvl
640,NAmes,TA,TA,TA,TA,TA,Gd,Fin,5,1Story
645,NAmes,TA,Fa,Fa,TA,TA,TA,Unf,4,1Story
646,NAmes,Gd,TA,TA,TA,TA,Ex,Unf,5,1Story
651,NAmes,TA,TA,TA,Gd,TA,Ex,Unf,7,2Story
653,NAmes,TA,TA,TA,Gd,TA,Ex,Unf,6,1Story
660,OldTown,TA,Gd,TA,TA,TA,TA,Unf,4,1.5Fin
668,NAmes,Fa,TA,TA,Po,TA,Gd,RFn,6,1Story
673,NAmes,TA,TA,TA,Gd,TA,Ex,Unf,6,1Story
674,NAmes,TA,TA,TA,Gd,Gd,Fa,RFn,6,1Story
675,NAmes,Gd,TA,TA,Gd,TA,Gd,Unf,5,1Story
689,NAmes,TA,TA,TA,Fa,TA,TA,RFn,6,1Story
698,OldTown,TA,TA,TA,Gd,TA,TA,Unf,5,2Story
702,OldTown,TA,TA,TA,Gd,TA,Gd,Unf,7,2Story
716,OldTown,Gd,Gd,TA,Gd,TA,TA,Unf,7,2Story
718,OldTown,TA,Ex,TA,Gd,TA,Ex,Unf,6,2Story
719,OldTown,Gd,Gd,TA,Gd,TA,Gd,Unf,8,2Story
728,BrkSide,TA,Gd,TA,TA,TA,Ex,RFn,5,2Story
729,BrkSide,TA,Gd,Fa,Gd,TA,TA,Unf,6,1Story
731,BrkSide,TA,TA,TA,Gd,TA,Ex,Unf,5,1.5Fin
732,BrkSide,TA,Fa,Fa,Gd,TA,Fa,Unf,6,1.5Unf
735,BrkSide,TA,TA,TA,Fa,TA,Ex,Unf,5,1.5Fin
736,BrkSide,TA,TA,TA,Gd,TA,Ex,Unf,6,1.5Fin
745,BrkSide,TA,TA,Fa,Gd,TA,TA,Unf,5,1.5Fin
750,OldTown,Gd,Ex,Fa,Gd,TA,Ex,Unf,7,2Story
768,Sawyer,TA,TA,TA,TA,Gd,Ex,RFn,5,SLvl
770,Sawyer,TA,TA,TA,TA,TA,Gd,RFn,6,2Story
771,Sawyer,TA,TA,TA,Po,TA,TA,Fin,5,1Story
773,Sawyer,TA,TA,TA,Fa,Gd,TA,Fin,6,SFoyer
776,Sawyer,TA,TA,TA,Po,TA,TA,Unf,5,1Story
777,Sawyer,TA,TA,TA,TA,TA,TA,Unf,5,SLvl
778,Sawyer,TA,TA,TA,TA,TA,Ex,RFn,6,SLvl
779,ClearCr,TA,TA,TA,TA,TA,Ex,Unf,5,SLvl
781,ClearCr,TA,TA,TA,TA,TA,Ex,Unf,4,1.5Fin
782,ClearCr,TA,Ex,TA,Gd,TA,Ex,Unf,5,1Story
785,ClearCr,Gd,TA,TA,Gd,TA,Ex,Fin,5,1Story
788,Edwards,TA,TA,TA,Gd,TA,Fa,Unf,6,1Story
791,Edwards,TA,Gd,TA,Gd,TA,Ex,Unf,6,2Story
793,Edwards,TA,TA,TA,Gd,Gd,TA,RFn,5,1Story
796,Edwards,TA,TA,TA,Gd,TA,Gd,Unf,5,1.5Fin
798,Edwards,TA,TA,Fa,Gd,TA,TA,Unf,4,2Story
800,SawyerW,Gd,Gd,TA,Po,Gd,Gd,Unf,6,SLvl
801,SawyerW,Gd,Gd,Gd,Gd,Gd,Ex,Fin,8,1.5Fin
802,SawyerW,Gd,Gd,TA,TA,Gd,Gd,RFn,7,1Story
803,SawyerW,Gd,Gd,TA,TA,Gd,Ex,Unf,7,2Story
804,SawyerW,Gd,Gd,TA,TA,Gd,Ex,RFn,7,2Story
805,SawyerW,Gd,Gd,TA,TA,Gd,Ex,RFn,8,2Story
808,SawyerW,TA,TA,TA,TA,Gd,TA,Unf,5,SFoyer
813,SawyerW,TA,Gd,TA,TA,Gd,TA,Unf,5,SFoyer
815,SawyerW,TA,TA,TA,TA,Ex,Ex,Fin,7,2Story
816,SawyerW,TA,TA,TA,TA,Ex,Ex,Fin,7,2Story
817,SawyerW,TA,TA,TA,TA,Ex,Ex,Fin,7,2Story
818,CollgCr,Ex,Ex,TA,Gd,Ex,Ex,Fin,9,1Story
819,CollgCr,Gd,Gd,TA,Gd,Ex,Ex,RFn,8,1Story
820,CollgCr,Gd,Ex,TA,Gd,Ex,Ex,RFn,8,1Story
821,CollgCr,Ex,Ex,TA,Gd,Ex,Ex,RFn,9,1Story
822,CollgCr,Gd,Gd,TA,Gd,Gd,Ex,RFn,8,1Story
824,CollgCr,Gd,Gd,TA,Gd,Ex,Ex,RFn,8,1Story
826,CollgCr,Gd,Gd,TA,Gd,Gd,Ex,RFn,7,1Story
827,CollgCr,Gd,Gd,TA,Gd,Gd,Ex,RFn,7,1Story
830,CollgCr,Gd,Gd,TA,Gd,Ex,Ex,Fin,8,1Story
831,CollgCr,Gd,Gd,TA,Gd,Gd,Ex,Fin,6,2Story
832,SawyerW,Gd,Gd,TA,TA,Gd,Gd,Fin,7,SLvl
833,ClearCr,Gd,Gd,TA,TA,Gd,Gd,Unf,7,2Story
838,CollgCr,Gd,Gd,TA,TA,Gd,Ex,RFn,7,2Story
845,CollgCr,TA,TA,TA,TA,Gd,Ex,RFn,6,2Story
851,CollgCr,Gd,Gd,TA,TA,Gd,Ex,RFn,7,1Story
858,CollgCr,TA,TA,TA,Fa,TA,Ex,Unf,5,1Story
863,CollgCr,Gd,Gd,TA,Gd,Gd,Ex,RFn,8,2Story
864,CollgCr,Gd,Ex,TA,TA,Gd,Ex,RFn,8,1Story
865,CollgCr,Gd,Ex,TA,TA,Gd,Ex,RFn,8,2Story
866,CollgCr,Gd,Ex,TA,Ex,Ex,Ex,Fin,9,2Story
869,CollgCr,Gd,Gd,TA,TA,Gd,Ex,Fin,8,1Story
870,CollgCr,Gd,Gd,TA,TA,Gd,Ex,Fin,7,1Story
871,CollgCr,Gd,Gd,TA,Gd,Ex,Ex,Fin,8,1Story
872,CollgCr,Gd,Gd,TA,TA,Gd,Ex,Unf,7,1Story
874,CollgCr,Gd,Gd,TA,TA,Gd,Ex,RFn,7,2Story
876,CollgCr,Gd,Gd,TA,TA,Gd,Ex,Unf,7,1Story
879,CollgCr,Gd,Gd,TA,Gd,Gd,Ex,RFn,8,1Story
883,CollgCr,Gd,Gd,TA,Gd,Gd,Ex,Fin,6,2Story
886,Edwards,TA,TA,Fa,Gd,TA,Ex,Unf,4,1Story
890,Edwards,TA,TA,TA,Fa,TA,Ex,Unf,6,SLvl
891,Edwards,Ex,Ex,TA,Gd,Ex,Ex,Fin,9,1Story
900,Edwards,TA,TA,TA,TA,TA,Ex,Unf,5,1Story
903,Edwards,TA,TA,TA,Gd,TA,Ex,Unf,5,1.5Fin
905,SWISU,TA,TA,TA,Gd,TA,TA,Unf,5,1.5Fin
908,SWISU,TA,TA,TA,Gd,TA,TA,Unf,6,1.5Fin
909,SWISU,TA,TA,TA,TA,TA,Ex,Fin,7,2.5Fin
910,SWISU,TA,TA,Fa,Gd,TA,Gd,Unf,6,2Story
911,SWISU,TA,Gd,TA,TA,TA,TA,Unf,4,1.5Fin
912,Crawfor,Gd,Gd,TA,Gd,TA,Ex,Unf,6,1Story
913,SWISU,TA,Gd,Fa,Gd,TA,Ex,Unf,6,1.5Fin
915,Crawfor,TA,TA,Fa,TA,TA,Gd,Unf,6,1.5Fin
916,SWISU,TA,TA,TA,Gd,TA,Gd,Unf,7,1.5Fin
917,Crawfor,TA,TA,Fa,Gd,TA,Ex,Unf,7,2Story
918,Crawfor,Gd,Gd,TA,Gd,Gd,Ex,Unf,7,2Story
919,Crawfor,TA,TA,TA,TA,TA,Ex,Unf,5,1.5Fin
920,Crawfor,TA,Gd,TA,Gd,TA,Fa,Unf,6,2Story
921,Crawfor,Gd,TA,TA,TA,TA,Ex,Unf,5,1.5Fin
924,Crawfor,TA,TA,Fa,Gd,TA,Ex,Unf,5,1.5Fin
925,Crawfor,TA,TA,TA,Gd,TA,Ex,Unf,7,2.5Unf
926,Crawfor,TA,TA,TA,Gd,TA,Ex,Unf,5,1Story
927,Crawfor,TA,Fa,TA,Gd,TA,Ex,Unf,7,2Story
928,Crawfor,TA,TA,TA,Gd,TA,TA,Fin,6,1Story
929,Crawfor,TA,Fa,TA,TA,TA,Fa,Unf,5,1.5Fin
930,Crawfor,TA,Gd,TA,Gd,TA,Ex,Unf,6,1Story
931,Crawfor,TA,TA,TA,Gd,TA,Ex,Unf,6,1Story
932,Blueste,TA,TA,TA,TA,TA,TA,Unf,6,2Story
933,Blueste,TA,Gd,TA,TA,Gd,TA,Fin,6,2Story
934,Blueste,TA,TA,TA,TA,Gd,TA,Fin,6,2Story
935,Blueste,TA,TA,TA,TA,Gd,TA,Fin,6,2Story
936,Crawfor,TA,TA,TA,TA,TA,Gd,Fin,6,SLvl
937,Crawfor,Gd,Ex,TA,Gd,Gd,TA,Fin,7,1Story
938,Crawfor,Gd,Gd,TA,Gd,Gd,Ex,Fin,6,1Story
944,Crawfor,Ex,Ex,TA,Gd,Ex,Ex,Fin,8,1Story
946,Mitchel,Gd,Gd,TA,TA,Gd,Ex,Fin,8,2Story
947,Mitchel,Gd,Gd,TA,Ex,Ex,Ex,RFn,7,1.5Fin
948,Mitchel,Gd,Gd,TA,Gd,Ex,Ex,Fin,7,1Story
949,Mitchel,TA,Gd,TA,TA,Ex,Ex,Fin,6,2Story
950,Mitchel,TA,TA,TA,TA,TA,Ex,Unf,6,SFoyer
951,Mitchel,TA,TA,TA,Fa,Gd,TA,RFn,6,SFoyer
955,Timber,TA,Gd,TA,Gd,TA,Gd,RFn,6,SLvl
956,Timber,TA,TA,TA,Gd,Gd,TA,RFn,7,1Story
957,Timber,Gd,Ex,TA,Ex,Ex,Ex,Fin,9,1Story
959,Timber,Ex,Ex,TA,Ex,Ex,Ex,Fin,9,1Story
962,Timber,TA,Gd,TA,TA,Gd,TA,Unf,6,1Story
963,Timber,TA,Gd,TA,TA,Gd,Ex,Fin,6,2Story
964,Timber,TA,Gd,TA,Fa,Gd,Ex,Fin,7,SLvl
967,Timber,Ex,Ex,TA,Gd,Ex,Ex,Fin,9,1Story
968,Timber,Ex,Ex,TA,Gd,Ex,Ex,Fin,9,1Story
976,Mitchel,TA,TA,TA,Po,TA,Ex,Unf,5,1Story
982,Mitchel,TA,Gd,TA,TA,Gd,Ex,Fin,5,SFoyer
984,Mitchel,TA,TA,TA,Fa,Gd,TA,Unf,5,SFoyer
987,Mitchel,TA,Gd,TA,TA,TA,TA,RFn,6,1Story
988,Mitchel,Gd,TA,TA,TA,TA,Ex,RFn,5,2Story
989,NAmes,Ex,TA,TA,TA,Gd,Ex,Unf,6,1Story
990,NAmes,TA,TA,TA,Gd,TA,Ex,Fin,6,1Story
991,NAmes,TA,TA,TA,Gd,Fa,TA,Unf,6,2Story
992,Gilbert,TA,TA,TA,TA,TA,Ex,Fin,6,2Story
993,Gilbert,TA,TA,TA,TA,Gd,Gd,Fin,6,2Story
995,Gilbert,TA,TA,TA,TA,Gd,Gd,Fin,6,2Story
996,Gilbert,TA,TA,TA,TA,Gd,Gd,Fin,6,2Story
998,Gilbert,TA,TA,TA,TA,Gd,Ex,Unf,7,2Story
999,StoneBr,Gd,Ex,TA,Gd,Ex,Ex,Fin,8,1Story
1000,StoneBr,Gd,Gd,TA,TA,Ex,Ex,Fin,8,1Story
1001,StoneBr,Gd,Gd,TA,TA,Gd,Gd,RFn,8,1Story
1003,Gilbert,TA,TA,TA,TA,Gd,Ex,Fin,6,2Story
1004,Gilbert,TA,TA,TA,TA,Gd,Gd,Fin,6,2Story
1005,Gilbert,TA,TA,TA,TA,Gd,Gd,Fin,6,2Story
1006,Gilbert,Gd,Gd,TA,TA,Gd,Ex,Fin,7,2Story
1008,StoneBr,Gd,Gd,TA,Gd,Gd,Gd,Fin,8,1Story
1009,StoneBr,Gd,Gd,TA,TA,Gd,Gd,RFn,8,1Story
1010,StoneBr,Gd,Ex,TA,Gd,Ex,Ex,Fin,8,2Story
1011,StoneBr,Gd,Ex,TA,Gd,Gd,Ex,Fin,9,2Story
1012,StoneBr,Ex,Ex,TA,Gd,Ex,Ex,Fin,9,1Story
1013,Gilbert,TA,TA,TA,Gd,TA,TA,Unf,6,1Story
1014,StoneBr,Ex,Ex,TA,Gd,Ex,Ex,RFn,9,1Story
1015,Gilbert,TA,TA,TA,TA,TA,Gd,RFn,6,1Story
1016,NWAmes,TA,TA,TA,TA,Gd,Gd,Fin,7,2Story
1017,NWAmes,Gd,Ex,TA,Ex,Gd,Ex,RFn,7,1Story
1018,NWAmes,TA,Gd,TA,TA,Gd,TA,Fin,6,1Story
1020,NWAmes,Gd,Gd,TA,Fa,Gd,TA,Fin,7,1Story
1021,NWAmes,Gd,Gd,TA,TA,Gd,TA,Fin,7,1Story
1022,NWAmes,TA,TA,TA,TA,Gd,TA,Fin,6,2Story
1023,NWAmes,TA,Gd,TA,Po,Gd,TA,Fin,6,1Story
1025,NWAmes,TA,TA,TA,TA,Gd,TA,Unf,7,2Story
1027,NWAmes,Gd,Gd,TA,Gd,Gd,Ex,Fin,7,2Story
1028,NWAmes,TA,TA,TA,TA,Gd,TA,Fin,6,1Story
1029,NWAmes,TA,TA,TA,Gd,TA,TA,Unf,6,1Story
1030,NWAmes,TA,TA,TA,Gd,TA,TA,RFn,7,2Story
1031,NWAmes,TA,Gd,TA,Fa,Gd,Gd,Unf,5,1Story
1032,NWAmes,Gd,Gd,TA,Gd,Gd,Ex,RFn,8,2Story
1050,NridgHt,Ex,Ex,TA,Gd,Ex,Ex,Fin,8,1Story
1051,NridgHt,Ex,Ex,TA,Ex,Ex,Ex,Fin,10,2Story
1052,NridgHt,Ex,Ex,TA,Gd,Ex,Ex,Fin,10,1Story
1053,NridgHt,Ex,Ex,TA,Gd,Ex,Ex,Fin,9,2Story
1055,NridgHt,Gd,Gd,TA,Gd,Ex,Ex,RFn,8,1Story
1056,NridgHt,Gd,Ex,TA,Ex,Ex,Ex,Fin,8,1Story
1057,NridgHt,Ex,Ex,TA,Gd,Ex,Ex,Fin,9,1Story
1058,NridgHt,Gd,Ex,TA,Gd,Ex,Ex,Fin,9,2Story
1059,NridgHt,Ex,Ex,TA,Ex,Ex,Ex,Fin,10,2Story
1060,NridgHt,Gd,Ex,TA,Gd,Ex,Ex,Fin,9,2Story
1061,NridgHt,Ex,Gd,TA,Gd,Gd,Ex,Fin,8,2Story
1062,NridgHt,Gd,Ex,TA,Gd,Ex,Ex,Fin,8,2Story
1063,NridgHt,Ex,Ex,TA,Gd,Ex,Ex,Fin,10,1Story
1064,NridgHt,Gd,Ex,TA,Gd,Ex,Ex,Fin,9,2Story
1065,NridgHt,Gd,Gd,TA,Gd,Gd,Ex,RFn,7,2Story
1066,NridgHt,Gd,Gd,TA,TA,Gd,Ex,Fin,8,1Story
1067,NridgHt,Gd,Gd,TA,TA,Ex,Ex,Fin,8,2Story
1068,NridgHt,Gd,Gd,TA,Gd,Ex,Ex,Fin,8,2Story
1069,NridgHt,Ex,Ex,TA,Gd,Gd,Ex,Fin,9,1Story
1070,NridgHt,Ex,Ex,TA,Gd,Ex,Ex,Fin,9,1Story
1071,NridgHt,Gd,Gd,TA,Gd,Gd,Ex,RFn,7,1Story
1072,NridgHt,Ex,Ex,TA,Gd,Ex,Ex,RFn,8,1Story
1073,NridgHt,Ex,Ex,TA,Ex,Ex,Ex,RFn,9,1Story
1074,NridgHt,Ex,Ex,TA,Gd,Ex,Ex,RFn,9,1Story
1075,NridgHt,Gd,Gd,TA,Gd,Gd,Ex,Fin,8,1Story
1076,NridgHt,Gd,Gd,TA,Gd,Gd,Ex,RFn,8,1Story
1079,NridgHt,Gd,Gd,TA,Gd,Gd,Ex,RFn,7,1Story
1080,Blmngtn,Gd,Gd,TA,TA,Gd,Ex,Fin,7,1Story
1081,Blmngtn,Gd,Gd,TA,TA,Gd,Ex,RFn,7,1Story
1082,Blmngtn,Gd,Gd,TA,Gd,Gd,Ex,Fin,7,1Story
1083,Blmngtn,Gd,Gd,TA,Gd,Gd,Ex,Fin,7,1Story
1084,Blmngtn,Gd,Gd,TA,Gd,Gd,Ex,Fin,7,1Story
1085,Gilbert,Gd,Gd,TA,Gd,Gd,Ex,Fin,6,2Story
1086,Gilbert,TA,TA,TA,TA,TA,Ex,Fin,6,2Story
1089,Gilbert,Gd,Gd,TA,Gd,Gd,Ex,Fin,7,2Story
1090,Gilbert,Gd,Gd,TA,Gd,Gd,Ex,Fin,7,2Story
1091,NridgHt,Gd,Gd,TA,Gd,Gd,Ex,RFn,7,1Story
1092,Gilbert,TA,TA,TA,TA,Gd,Ex,Fin,6,2Story
1093,Gilbert,Gd,TA,TA,TA,Gd,Ex,RFn,7,2Story
1094,Gilbert,Gd,Gd,TA,Gd,Gd,Ex,Fin,7,2Story
1095,Gilbert,Gd,Gd,TA,Gd,Gd,Ex,Fin,7,2Story
1096,Gilbert,Gd,TA,TA,TA,Gd,Ex,Fin,7,2Story
1097,Gilbert,TA,TA,TA,TA,Gd,Ex,Fin,7,2Story
1098,NoRidge,Gd,Gd,TA,TA,Gd,Ex,Fin,8,2.5Unf
1099,NoRidge,Gd,Gd,TA,TA,Gd,Gd,Fin,8,2Story
1100,NoRidge,Gd,Gd,TA,TA,Gd,Ex,RFn,8,2Story
1101,NoRidge,Gd,Ex,TA,TA,Ex,Ex,RFn,9,2Story
1102,NoRidge,Gd,Gd,TA,TA,Gd,Ex,Fin,8,1Story
1103,NoRidge,Gd,Gd,TA,TA,Ex,Ex,RFn,7,2Story
1104,NoRidge,Gd,Gd,TA,TA,Gd,Ex,RFn,8,2Story
1105,NoRidge,Gd,Gd,TA,TA,Gd,Ex,Fin,8,1Story
1106,NoRidge,Gd,Gd,TA,TA,Gd,Ex,RFn,7,2Story
1107,NoRidge,Gd,Gd,TA,Gd,Gd,Ex,Fin,7,2Story
1108,NoRidge,Gd,Gd,TA,TA,Gd,Ex,RFn,7,2Story
1109,NoRidge,Gd,Gd,TA,TA,Gd,Ex,Fin,8,1Story
1111,Somerst,Gd,Gd,TA,Gd,Gd,Ex,Fin,6,2Story
1112,Somerst,Gd,Gd,TA,Gd,Gd,Ex,RFn,8,1Story
1113,Somerst,Gd,Gd,TA,Gd,Ex,Gd,Unf,7,1Story
1114,Somerst,Gd,Ex,TA,Gd,Gd,Ex,Fin,9,1Story
1115,Somerst,TA,Gd,TA,Gd,Gd,Ex,RFn,8,1Story
1117,Somerst,Gd,Gd,TA,Gd,Gd,Ex,RFn,8,2Story
1118,Somerst,Gd,Gd,TA,Gd,Gd,Ex,Fin,8,2Story
1119,Somerst,Gd,Gd,TA,Gd,Ex,Ex,Fin,8,1Story
1124,Somerst,Gd,Gd,TA,Gd,Ex,Ex,RFn,8,2Story
1125,Somerst,Gd,Gd,TA,Gd,Gd,Ex,Fin,7,2Story
1126,Somerst,Gd,Ex,TA,Gd,Ex,Ex,Fin,8,2Story
1128,Somerst,Gd,Gd,TA,Gd,Gd,Ex,Fin,8,1Story
1141,SawyerW,TA,Gd,TA,Fa,Gd,Ex,RFn,6,1Story
1147,SawyerW,Gd,Gd,TA,Fa,Gd,Ex,RFn,6,1Story
1149,Sawyer,TA,TA,TA,TA,TA,TA,RFn,5,1Story
1151,Sawyer,TA,Gd,TA,TA,TA,Ex,Unf,5,1Story
1155,Veenker,TA,TA,TA,TA,TA,TA,Unf,6,1Story
1156,Sawyer,TA,TA,TA,Gd,Gd,TA,Unf,5,1.5Fin
1157,NoRidge,Gd,Gd,TA,Gd,Gd,Ex,RFn,6,2Story
1158,NoRidge,Gd,Gd,TA,Ex,Gd,Ex,Fin,9,1.5Fin
1167,Somerst,Gd,Ex,TA,TA,Gd,Ex,Fin,9,1Story
1168,Somerst,Gd,Gd,TA,TA,Ex,Ex,RFn,9,1Story
1169,Somerst,Gd,Ex,TA,TA,Ex,Ex,Fin,9,1Story
1170,Somerst,Gd,Ex,TA,TA,Gd,Ex,RFn,9,1Story
1171,Somerst,Gd,Gd,TA,TA,Ex,Ex,Fin,9,1Story
1174,Somerst,TA,TA,TA,TA,TA,Ex,Fin,7,2Story
1177,Somerst,Ex,Ex,TA,TA,Gd,Ex,Fin,10,2Story
1178,Veenker,Gd,Ex,TA,Gd,Gd,Ex,Fin,8,1Story
1179,Veenker,Gd,Gd,TA,Fa,Gd,Ex,Fin,8,1Story
1180,Veenker,Gd,Gd,TA,Gd,Gd,Ex,Fin,8,1Story
1182,Veenker,Gd,Gd,TA,Gd,Gd,TA,RFn,9,2Story
1183,Veenker,Ex,Ex,TA,Gd,Gd,Ex,RFn,8,1Story
1184,Somerst,Gd,TA,TA,TA,Gd,Ex,RFn,7,2Story
1185,NWAmes,TA,TA,TA,Gd,TA,Gd,Unf,7,1Story
1187,NWAmes,TA,TA,TA,TA,TA,Fa,RFn,6,1Story
1189,NWAmes,TA,Gd,TA,Gd,TA,Ex,Unf,7,1Story
1191,NWAmes,TA,TA,TA,TA,TA,TA,RFn,6,2Story
1199,NWAmes,Ex,Gd,TA,TA,TA,Ex,Fin,8,2Story
1200,NWAmes,Gd,Gd,Gd,TA,TA,TA,RFn,6,2Story
1203,NWAmes,TA,TA,TA,Gd,TA,Gd,RFn,7,2Story
1208,NAmes,TA,TA,TA,Gd,TA,Gd,RFn,6,1Story
1210,NAmes,TA,TA,TA,Gd,TA,TA,RFn,6,1Story
1212,NAmes,TA,Gd,TA,Gd,TA,Gd,RFn,5,SLvl
1217,NAmes,TA,TA,TA,Po,TA,TA,RFn,4,1Story
1221,BrkSide,TA,TA,Gd,TA,TA,Ex,RFn,5,1.5Unf
1225,NAmes,TA,Gd,TA,Gd,TA,Gd,RFn,5,1Story
1226,NAmes,TA,Gd,TA,TA,TA,Gd,RFn,6,SLvl
1228,NAmes,TA,Gd,TA,Gd,TA,TA,Unf,7,2Story
1229,NAmes,TA,TA,TA,TA,TA,TA,Unf,6,1Story
1231,NAmes,Gd,Gd,TA,Gd,TA,TA,RFn,6,1Story
1232,NAmes,TA,TA,TA,Gd,Gd,Gd,RFn,6,SLvl
1233,NAmes,Gd,Gd,TA,Gd,TA,Ex,RFn,6,2Story
1237,NAmes,TA,TA,TA,Gd,TA,TA,RFn,5,1Story
1239,NAmes,TA,TA,TA,TA,TA,Ex,RFn,6,1Story
1240,NAmes,TA,TA,TA,TA,TA,Ex,RFn,6,1Story
1241,NAmes,TA,TA,TA,Gd,Gd,Gd,RFn,6,1Story
1242,NAmes,TA,TA,TA,Gd,TA,TA,RFn,6,1Story
1248,NAmes,TA,TA,TA,Gd,TA,TA,Fin,6,1Story
1256,NAmes,TA,TA,TA,TA,TA,TA,Unf,5,1.5Fin
1258,OldTown,TA,TA,Fa,Gd,TA,Ex,Unf,5,1.5Fin
1260,NAmes,TA,TA,TA,Gd,TA,Ex,Fin,6,2Story
1261,NAmes,TA,TA,TA,Fa,TA,TA,Fin,5,1Story
1262,NAmes,TA,TA,TA,Gd,TA,Ex,RFn,7,1Story
1263,NAmes,TA,TA,TA,Fa,TA,TA,RFn,6,1Story
1265,NAmes,TA,Gd,TA,Gd,Gd,Ex,RFn,7,1Story
1267,NAmes,TA,TA,TA,TA,Fa,TA,Unf,5,1Story
1272,NAmes,TA,TA,TA,Fa,TA,TA,Unf,5,1Story
1280,NAmes,TA,TA,TA,TA,TA,TA,RFn,6,2Story
1285,OldTown,TA,Gd,Gd,Po,TA,Gd,Unf,5,2Story
1288,OldTown,Gd,TA,Fa,TA,Gd,Ex,Unf,6,1.5Fin
1294,OldTown,Fa,Ex,Fa,Gd,TA,Gd,Unf,5,1.5Fin
1296,OldTown,TA,TA,TA,Gd,TA,TA,Unf,6,1.5Fin
1301,OldTown,TA,TA,TA,Po,TA,Ex,Unf,5,1.5Fin
1306,OldTown,TA,Gd,TA,Ex,TA,Ex,Unf,7,2.5Fin
1308,OldTown,TA,TA,TA,Gd,TA,Gd,Unf,5,1.5Fin
1313,OldTown,TA,TA,Fa,Gd,Gd,Fa,Unf,6,2.5Unf
1315,OldTown,TA,Gd,TA,Gd,TA,Ex,Unf,7,2Story
1316,OldTown,TA,TA,Gd,TA,Fa,Ex,Unf,6,1.5Fin
1319,OldTown,TA,TA,TA,Gd,TA,TA,Unf,7,1.5Fin
1320,OldTown,Ex,Gd,Gd,Gd,TA,Gd,Unf,10,2.5Unf
1322,OldTown,TA,TA,TA,Gd,TA,Gd,Unf,7,2Story
1327,BrkSide,Gd,TA,TA,Po,TA,TA,Unf,5,1Story
1330,BrkSide,TA,TA,TA,Gd,TA,TA,Unf,5,1.5Fin
1334,BrkSide,TA,Gd,TA,Gd,TA,Ex,Unf,6,1.5Fin
1335,BrkSide,TA,TA,TA,Fa,TA,Ex,Unf,5,1Story
1336,BrkSide,TA,TA,TA,Gd,TA,TA,RFn,6,1.5Fin
1338,BrkSide,TA,TA,TA,Gd,TA,Ex,Unf,6,1.5Fin
1340,BrkSide,TA,TA,Fa,Gd,TA,TA,RFn,5,1.5Fin
1344,BrkSide,TA,TA,TA,Gd,TA,TA,Unf,5,1.5Fin
1345,BrkSide,TA,TA,TA,Gd,TA,TA,Unf,7,1.5Fin
1347,OldTown,TA,TA,Fa,TA,TA,Gd,Unf,7,1.5Fin
1351,BrkSide,TA,Gd,TA,Gd,TA,Gd,Unf,6,1.5Fin
1357,OldTown,TA,Gd,TA,Gd,TA,Fa,Unf,8,2Story
1361,IDOTRR,TA,TA,TA,Gd,TA,TA,Unf,6,1.5Fin
1364,IDOTRR,TA,TA,TA,Gd,TA,TA,Unf,6,1.5Fin
1372,Sawyer,TA,TA,TA,TA,TA,Ex,Unf,5,1Story
1373,Sawyer,TA,TA,TA,Gd,TA,TA,Unf,5,1.5Fin
1378,Sawyer,TA,TA,TA,Fa,TA,TA,Unf,6,SLvl
1382,Sawyer,TA,TA,TA,Po,Gd,Ex,Fin,6,SFoyer
1390,Sawyer,TA,TA,TA,TA,TA,TA,Unf,6,1Story
1391,Sawyer,TA,TA,TA,Gd,Gd,TA,Unf,5,1Story
1392,ClearCr,TA,TA,TA,Gd,Gd,Gd,RFn,6,1Story
1395,ClearCr,TA,TA,TA,TA,TA,Gd,Unf,5,1Story
1398,ClearCr,TA,Gd,TA,Gd,Gd,Ex,Unf,6,1Story
1399,ClearCr,TA,TA,TA,TA,Gd,Ex,Fin,7,2Story
1400,ClearCr,TA,TA,TA,Gd,Gd,TA,Fin,7,1Story
1401,ClearCr,TA,TA,TA,TA,Gd,Ex,Unf,7,1Story
1402,ClearCr,TA,Gd,TA,Gd,Gd,Ex,Fin,4,1Story
1403,Edwards,TA,Ex,TA,Gd,TA,Gd,RFn,6,SLvl
1404,Edwards,TA,TA,TA,Gd,TA,TA,Unf,7,1.5Fin
1405,Edwards,TA,TA,TA,Gd,TA,Ex,RFn,6,1Story
1406,ClearCr,TA,TA,Fa,Gd,TA,TA,Unf,6,1.5Fin
1408,Edwards,TA,TA,TA,Gd,Gd,Ex,Fin,6,1.5Fin
1409,Edwards,TA,Gd,TA,TA,TA,Ex,Unf,6,2Story
1410,Edwards,TA,Gd,TA,TA,TA,TA,Unf,5,1Story
1418,SawyerW,TA,Gd,TA,Ex,Gd,Ex,Unf,7,2Story
1419,SawyerW,Gd,Gd,TA,TA,Gd,Ex,Fin,6,2Story
1420,SawyerW,Gd,Gd,TA,TA,Gd,Ex,RFn,7,1Story
1421,SawyerW,Gd,Gd,TA,TA,Gd,Ex,RFn,7,2Story
1422,SawyerW,Gd,Gd,TA,TA,Gd,Ex,Fin,7,SLvl
1423,CollgCr,Gd,Gd,TA,Gd,Gd,Ex,Fin,7,2Story
1424,CollgCr,Gd,Gd,TA,Gd,Gd,Ex,RFn,8,1Story
1425,CollgCr,Gd,Ex,Gd,Gd,Gd,Ex,RFn,9,1Story
1426,CollgCr,Ex,Ex,TA,Gd,Ex,Ex,Fin,9,1Story
1427,SawyerW,Gd,Gd,TA,TA,Gd,Ex,Unf,7,2Story
1428,SawyerW,Gd,Gd,TA,Fa,Gd,Ex,Fin,8,SLvl
1429,ClearCr,TA,TA,TA,Gd,Gd,Ex,Unf,6,1Story
1434,CollgCr,TA,Gd,TA,TA,Gd,Ex,RFn,7,1Story
1440,CollgCr,Gd,Gd,TA,TA,Gd,Ex,RFn,7,1Story
1441,CollgCr,Gd,Gd,TA,TA,Gd,Ex,RFn,7,2Story
1443,CollgCr,Gd,Gd,TA,TA,Gd,Ex,RFn,7,2Story
1448,CollgCr,TA,TA,TA,Fa,TA,TA,Unf,5,1Story
1453,CollgCr,Gd,Gd,TA,Gd,Gd,Ex,RFn,8,1Story
1454,CollgCr,Gd,Gd,TA,Gd,Gd,Ex,RFn,8,2Story
1455,CollgCr,Gd,Gd,TA,TA,Gd,Ex,RFn,7,2Story
1456,CollgCr,Gd,Gd,TA,TA,Gd,Ex,RFn,7,2Story
1457,CollgCr,Gd,Gd,TA,TA,Gd,Ex,Fin,8,2Story
1458,CollgCr,Gd,Gd,TA,TA,Gd,Ex,Fin,7,2Story
1459,CollgCr,Gd,Gd,TA,TA,Gd,Ex,Fin,8,2Story
1460,CollgCr,Gd,Gd,TA,TA,Gd,Ex,Fin,9,2Story
1461,CollgCr,Gd,Gd,TA,Gd,Ex,Ex,RFn,8,1Story
1462,CollgCr,Gd,Gd,TA,Gd,Gd,Ex,Unf,8,2Story
1464,CollgCr,Gd,Gd,TA,Gd,Gd,Ex,RFn,7,2Story
1466,CollgCr,Gd,Gd,TA,TA,Gd,Ex,Unf,8,2Story
1467,CollgCr,Gd,Gd,TA,TA,Gd,Ex,Unf,7,2Story
1470,CollgCr,TA,Gd,TA,TA,Gd,Ex,Fin,6,1Story
1480,CollgCr,Gd,Gd,TA,Gd,Gd,Ex,Fin,7,2Story
1481,CollgCr,Gd,Gd,TA,TA,Gd,Ex,RFn,6,1Story
1482,CollgCr,Gd,Gd,TA,TA,Gd,Ex,RFn,6,1Story
1483,CollgCr,Gd,Gd,TA,Gd,Gd,Ex,RFn,6,1Story
1484,CollgCr,Gd,Gd,TA,Gd,Gd,Ex,Fin,6,1Story
1490,Edwards,TA,TA,TA,Po,TA,TA,Unf,6,1Story
1493,Edwards,Gd,Gd,TA,Gd,Gd,Ex,Fin,7,2Story
1494,Edwards,TA,TA,TA,Fa,TA,TA,RFn,6,SLvl
1495,Edwards,TA,TA,TA,TA,TA,TA,Fin,6,2Story
1498,Edwards,Ex,Ex,TA,Gd,Ex,Ex,Fin,10,2Story
1517,SWISU,TA,Gd,TA,Gd,TA,Ex,Unf,5,2.5Fin
1518,SWISU,TA,TA,TA,Gd,TA,Fa,Unf,6,1.5Fin
1519,SWISU,TA,TA,TA,Gd,TA,Ex,Unf,7,1Story
1522,SWISU,TA,TA,TA,Gd,TA,Ex,Unf,6,2.5Unf
1523,Crawfor,TA,TA,TA,Gd,TA,Ex,Unf,6,2Story
1524,Crawfor,TA,TA,TA,Gd,Ex,Fa,Fin,6,2.5Fin
1528,Crawfor,Gd,Gd,TA,Gd,Fa,Ex,Unf,8,2Story
1530,Crawfor,TA,TA,TA,Gd,TA,TA,Unf,6,2Story
1531,Crawfor,TA,TA,TA,Gd,Gd,TA,RFn,7,2Story
1532,Crawfor,TA,TA,TA,Gd,TA,Fa,Unf,6,2Story
1533,Crawfor,TA,Gd,TA,Gd,TA,Ex,Unf,5,1.5Fin
1535,Crawfor,TA,TA,TA,TA,TA,Fa,Fin,6,1Story
1536,Crawfor,TA,TA,Fa,Gd,TA,TA,Fin,8,2Story
1537,Crawfor,TA,Gd,TA,Gd,TA,Ex,Unf,8,1.5Fin
1538,Crawfor,Gd,Gd,TA,TA,TA,Ex,Unf,7,1.5Fin
1539,Crawfor,TA,Gd,TA,TA,TA,Ex,Fin,7,1.5Fin
1540,Crawfor,TA,TA,TA,TA,TA,Ex,Unf,5,1Story
1541,Crawfor,Gd,Gd,TA,Gd,TA,Ex,Unf,6,1Story
1542,Blueste,TA,TA,TA,TA,Gd,TA,Unf,6,2Story
1543,Blueste,TA,TA,TA,TA,Gd,TA,Fin,6,2Story
1548,IDOTRR,TA,TA,Ex,Gd,TA,Ex,Fin,5,1Story
1550,IDOTRR,Fa,TA,TA,Po,Gd,Ex,Unf,5,SLvl
1559,Crawfor,Ex,Gd,TA,Gd,Ex,Ex,Fin,8,1Story
1560,Crawfor,Ex,Ex,TA,Gd,Ex,Ex,Fin,8,1Story
1561,Crawfor,Gd,Ex,TA,Gd,Ex,Ex,Fin,7,1Story
1562,Crawfor,Gd,Gd,TA,Gd,Ex,Ex,Fin,8,1Story
1564,Mitchel,Gd,Gd,TA,Gd,Gd,Ex,RFn,8,1Story
1565,Mitchel,TA,Gd,TA,TA,Gd,Ex,Unf,7,2Story
1566,Mitchel,TA,TA,TA,Po,TA,TA,Fin,6,SLvl
1567,Mitchel,TA,TA,TA,Fa,TA,TA,Unf,6,1Story
1569,Mitchel,TA,TA,TA,TA,Gd,Gd,Unf,4,1Story
1570,Timber,TA,TA,TA,Gd,TA,Ex,Fin,5,1.5Fin
1571,Timber,Gd,Gd,TA,TA,Gd,Gd,Fin,7,1Story
1572,Timber,Gd,Gd,TA,Gd,Gd,TA,Fin,8,1Story
1574,Timber,Gd,Gd,TA,Gd,Gd,Ex,RFn,8,1Story
1575,Timber,Gd,Gd,TA,Gd,Gd,Ex,Fin,8,2Story
1579,Timber,TA,TA,TA,TA,Gd,Ex,Unf,6,1Story
1580,Timber,TA,TA,TA,TA,Gd,TA,Fin,6,1Story
1581,Timber,Gd,Gd,TA,Fa,Gd,Ex,Unf,6,1Story
1582,Timber,Gd,Gd,TA,Fa,Gd,Ex,RFn,6,SLvl
1583,Timber,Gd,Gd,TA,TA,Ex,Ex,Fin,8,1Story
1585,Timber,Gd,Gd,TA,Gd,Gd,Ex,Fin,8,2Story
1586,Timber,Gd,Gd,TA,Gd,Gd,Ex,Fin,8,1Story
1587,Timber,Gd,Gd,TA,Gd,Ex,Ex,Fin,8,1Story
1594,MeadowV,TA,TA,TA,Gd,Gd,TA,Fin,5,2Story
1595,MeadowV,TA,TA,TA,TA,Gd,TA,Unf,5,2Story
1597,MeadowV,TA,TA,TA,Po,Gd,TA,RFn,4,SLvl
1604,Mitchel,Gd,Gd,TA,Ex,TA,Ex,Unf,5,1Story
1609,Mitchel,TA,TA,TA,Po,TA,Ex,RFn,5,2Story
1611,NAmes,TA,TA,TA,Gd,TA,TA,Unf,6,1Story
1612,NAmes,TA,TA,TA,Po,TA,TA,Unf,7,1Story
1613,NAmes,TA,TA,TA,Gd,Gd,Ex,Fin,7,1Story
1614,NAmes,Gd,Gd,TA,TA,TA,Ex,Unf,8,1Story
1615,Gilbert,Gd,Gd,TA,Gd,Gd,Ex,Fin,7,2Story
1616,Gilbert,TA,TA,TA,TA,Gd,Gd,Fin,6,2Story
1618,Gilbert,TA,TA,TA,TA,Gd,Gd,Fin,6,2Story
1619,Gilbert,TA,TA,TA,TA,Gd,Gd,Fin,6,SLvl
1621,Gilbert,TA,TA,TA,TA,Gd,Gd,Fin,6,SLvl
1622,Gilbert,TA,TA,TA,TA,Gd,Gd,Fin,6,2Story
1624,Gilbert,TA,TA,TA,TA,Gd,Gd,Fin,7,1Story
1625,Gilbert,TA,TA,TA,TA,Gd,Ex,Fin,6,2Story
1627,Gilbert,Gd,Gd,TA,TA,Gd,Gd,RFn,7,SLvl
1628,Gilbert,TA,Gd,TA,TA,Gd,Gd,Fin,7,SLvl
1629,Gilbert,TA,TA,TA,TA,Gd,Gd,RFn,6,2Story
1630,Gilbert,TA,TA,TA,TA,TA,Fa,Unf,6,1Story
1632,StoneBr,Gd,Gd,TA,TA,Gd,Gd,Fin,7,2Story
1634,StoneBr,Gd,Gd,TA,TA,Gd,Gd,RFn,8,1Story
1635,StoneBr,Gd,Gd,TA,Gd,Ex,Ex,Fin,9,1Story
1636,StoneBr,Gd,Ex,TA,Gd,Ex,Ex,Fin,8,2Story
1637,StoneBr,Ex,Gd,Gd,Gd,Ex,Ex,Fin,9,1Story
1639,StoneBr,Gd,Ex,TA,Gd,Ex,Ex,Fin,9,1Story
1640,StoneBr,Gd,Gd,TA,Gd,Gd,Ex,RFn,8,1Story
1641,StoneBr,Gd,Gd,TA,Gd,Ex,Ex,RFn,8,1Story
1642,StoneBr,Ex,Ex,TA,Gd,Ex,Ex,Fin,10,1Story
1643,NWAmes,Gd,Gd,TA,TA,Gd,Ex,Fin,6,1Story
1645,NWAmes,TA,TA,TA,TA,Gd,Ex,Fin,6,SLvl
1646,NWAmes,Gd,Gd,TA,TA,Gd,Ex,RFn,7,2Story
1647,NWAmes,TA,Gd,TA,TA,Gd,TA,Fin,7,1Story
1648,NWAmes,TA,Gd,TA,TA,Gd,TA,Fin,7,2Story
1649,NWAmes,TA,TA,TA,Gd,Gd,TA,RFn,7,2Story
1650,NWAmes,TA,Gd,TA,TA,TA,TA,Fin,6,2Story
1651,NWAmes,TA,TA,TA,TA,Gd,TA,Unf,6,SLvl
1653,NWAmes,TA,TA,TA,TA,TA,TA,RFn,7,SLvl
1654,NWAmes,TA,TA,TA,TA,Gd,Ex,RFn,6,1Story
1656,NWAmes,TA,TA,TA,TA,TA,TA,Unf,6,1Story
1657,NWAmes,TA,TA,TA,TA,Gd,Gd,Unf,5,1Story
1658,NWAmes,Gd,TA,TA,Gd,TA,Gd,Unf,6,2Story
1659,NWAmes,TA,TA,TA,TA,Gd,TA,RFn,7,2Story
1660,NWAmes,TA,Gd,TA,Fa,Gd,TA,Fin,7,SLvl
1661,NWAmes,TA,TA,TA,TA,TA,TA,Unf,6,2Story
1673,NAmes,Gd,Gd,TA,TA,Gd,Ex,Fin,6,1Story
1674,NAmes,Gd,Gd,TA,TA,Gd,Ex,Fin,6,1Story
1680,NPkVill,TA,TA,TA,TA,Gd,TA,RFn,6,1Story
1681,NPkVill,TA,Gd,TA,TA,Gd,TA,Unf,6,2Story
1684,NridgHt,Ex,Ex,TA,Gd,Ex,Ex,Fin,9,1Story
1685,NridgHt,Ex,Gd,TA,Gd,Ex,Ex,Unf,9,1Story
1687,NridgHt,Gd,Gd,TA,Gd,Ex,Ex,RFn,8,1Story
1688,NridgHt,Gd,Ex,TA,Gd,Ex,Ex,RFn,8,1Story
1689,NridgHt,Gd,Gd,TA,Ex,Gd,Ex,Fin,8,1Story
1690,NridgHt,Ex,Ex,TA,Ex,Ex,Ex,Fin,9,1Story
1691,NridgHt,Ex,Ex,TA,Gd,Ex,Ex,RFn,9,2Story
1692,NridgHt,Gd,Ex,TA,Gd,Ex,Ex,Fin,8,2Story
1693,NridgHt,Ex,Ex,TA,Gd,Ex,Ex,Fin,10,1Story
1694,NridgHt,Gd,Gd,TA,Gd,Ex,Ex,RFn,7,2Story
1695,NridgHt,Ex,Ex,TA,Ex,Ex,Ex,Fin,9,1Story
1696,NridgHt,Gd,Gd,TA,Gd,Gd,Gd,Fin,8,1Story
1697,NridgHt,Ex,Ex,TA,Gd,Gd,Ex,Fin,9,2Story
1698,NridgHt,Gd,Gd,TA,Gd,Gd,Ex,RFn,8,1Story
1699,NridgHt,Gd,Gd,TA,Ex,Ex,Ex,RFn,8,1Story
1700,NridgHt,Gd,Ex,TA,Ex,Ex,Ex,Fin,9,2Story
1701,NridgHt,Ex,Ex,TA,Gd,Ex,Ex,Fin,10,1Story
1702,NridgHt,Gd,Gd,TA,Gd,Gd,Ex,Unf,8,2Story
1703,NridgHt,Gd,Gd,TA,Gd,Ex,Ex,RFn,8,2Story
1704,NridgHt,Ex,Ex,TA,Gd,Ex,Ex,Fin,8,2Story
1705,NridgHt,Gd,Ex,TA,Gd,Ex,Ex,Fin,8,2Story
1706,NridgHt,Ex,Ex,TA,Gd,Ex,Ex,Fin,9,1Story
1707,NridgHt,Gd,Ex,TA,Ex,Gd,Ex,RFn,8,2Story
1708,NridgHt,Gd,Gd,TA,Gd,Ex,Ex,Fin,8,2Story
1709,NridgHt,Gd,Gd,TA,Gd,Ex,Ex,Fin,8,2Story
1710,NridgHt,Gd,Ex,TA,Gd,Gd,Ex,Fin,8,2Story
1711,NridgHt,Gd,Ex,TA,Gd,Ex,Ex,Fin,8,2Story
1715,NridgHt,Gd,Gd,TA,Gd,Gd,Ex,RFn,6,1Story
1716,NridgHt,Gd,Gd,TA,Gd,Gd,Ex,RFn,6,1Story
1717,NridgHt,Gd,Gd,TA,Gd,Gd,Ex,RFn,6,1Story
1718,NridgHt,Gd,Gd,TA,Gd,Gd,Ex,RFn,6,1Story
1719,NridgHt,Gd,Gd,TA,Gd,Gd,Ex,RFn,8,1Story
1720,NridgHt,Gd,Gd,TA,Gd,Gd,Ex,RFn,8,1Story
1721,NridgHt,Gd,Gd,TA,Gd,Gd,Ex,RFn,8,1Story
1722,NridgHt,Ex,Ex,TA,Gd,Ex,Ex,RFn,9,1Story
1723,NridgHt,Ex,Ex,TA,Gd,Ex,Ex,Fin,9,1Story
1724,NridgHt,Ex,Ex,TA,Gd,Ex,Ex,RFn,9,1Story
1725,NridgHt,Gd,Gd,TA,Gd,Gd,Ex,Fin,8,1Story
1726,NridgHt,Gd,Gd,TA,Gd,Gd,Ex,RFn,7,1Story
1728,Gilbert,Gd,Gd,TA,Gd,Gd,Ex,Fin,6,2Story
1729,Gilbert,Gd,Gd,TA,Gd,Gd,Ex,Fin,6,2Story
1731,Gilbert,Gd,Gd,TA,Gd,Gd,Ex,RFn,6,2Story
1732,Gilbert,Gd,Gd,TA,Gd,Gd,Ex,Unf,6,2Story
1734,Gilbert,Gd,Gd,TA,Gd,Gd,Ex,Fin,7,2Story
1737,Gilbert,TA,Gd,TA,Gd,Gd,Ex,Fin,6,2Story
1741,Blmngtn,Gd,Gd,TA,Gd,Ex,Ex,Fin,7,1Story
1742,Blmngtn,Gd,Gd,TA,Gd,Ex,Ex,Fin,7,1Story
1743,Blmngtn,Gd,Gd,TA,TA,Gd,Ex,Fin,8,1Story
1744,Blmngtn,Gd,Gd,TA,Gd,Gd,Ex,Fin,7,1Story
1745,Gilbert,Gd,Gd,TA,Gd,Gd,Ex,Fin,7,1Story
1747,Gilbert,Gd,Gd,TA,Gd,Gd,Ex,Fin,7,SLvl
1748,Gilbert,Gd,Gd,TA,Gd,Gd,Ex,Fin,7,2Story
1749,Gilbert,Gd,Gd,TA,Gd,Gd,Ex,RFn,7,1Story
1750,Gilbert,Gd,Gd,TA,Gd,Gd,Ex,Fin,7,2Story
1751,Gilbert,Gd,Gd,TA,TA,Gd,Ex,Fin,7,SLvl
1752,Gilbert,Gd,Gd,TA,Gd,Gd,Ex,Fin,7,2Story
1753,Gilbert,TA,TA,TA,TA,Gd,Ex,RFn,6,2Story
1754,Gilbert,Gd,Gd,TA,Gd,Gd,Ex,Fin,7,2Story
1755,Gilbert,TA,TA,TA,TA,Gd,Ex,RFn,6,2Story
1756,Gilbert,TA,TA,TA,TA,Gd,Ex,RFn,7,SLvl
1758,Gilbert,TA,TA,TA,TA,Gd,Ex,RFn,6,2Story
1759,Gilbert,TA,TA,TA,TA,Gd,Ex,RFn,6,2Story
1760,NoRidge,Gd,Ex,TA,TA,Ex,Ex,Fin,10,2Story
1761,NoRidge,Gd,Gd,TA,TA,Gd,Ex,Fin,8,2Story
1762,NoRidge,Gd,Gd,TA,TA,Gd,Ex,Fin,8,2Story
1763,NoRidge,Ex,Ex,TA,Gd,Ex,Ex,RFn,10,1Story
1764,NoRidge,Gd,Gd,TA,TA,Ex,Ex,Fin,9,2Story
1765,NoRidge,Gd,Gd,TA,TA,Gd,Ex,Fin,8,2Story
1766,NoRidge,Gd,Gd,TA,TA,Gd,Ex,Fin,7,2Story
1767,NoRidge,Ex,Ex,TA,Ex,Ex,Ex,Fin,10,2Story
1768,NoRidge,Gd,TA,TA,TA,Gd,Ex,Unf,7,2Story
1769,NoRidge,Gd,Gd,TA,TA,Gd,Ex,Fin,7,2Story
1770,NoRidge,Gd,Gd,TA,TA,Gd,Ex,RFn,7,2Story
1771,NoRidge,Gd,Gd,TA,TA,Gd,Ex,RFn,8,2Story
1772,NoRidge,Gd,Gd,TA,Gd,Gd,Ex,RFn,8,1Story
1773,NoRidge,Gd,Gd,TA,TA,Ex,Ex,RFn,8,2Story
1774,NoRidge,Gd,Gd,TA,TA,Gd,Ex,RFn,8,2Story
1776,Somerst,Gd,Gd,TA,Gd,Gd,Ex,Unf,8,1Story
1777,Somerst,Ex,Ex,TA,Gd,Ex,Ex,Fin,9,1Story
1779,Somerst,Gd,Gd,TA,Gd,Gd,Gd,Fin,8,1Story
1780,Somerst,Ex,Ex,TA,Gd,Ex,Ex,Fin,10,1Story
1781,Somerst,Gd,Gd,TA,Gd,Gd,Ex,RFn,8,1Story
1782,Somerst,Gd,Gd,TA,Gd,Ex,Ex,RFn,8,1Story
1783,Somerst,Gd,Gd,TA,TA,Gd,Ex,Unf,7,1Story
1784,Somerst,Ex,Ex,TA,Gd,Ex,Ex,Fin,7,1Story
1786,Somerst,Gd,Gd,TA,Gd,Gd,Ex,RFn,8,1Story
1789,Somerst,Gd,Gd,TA,Gd,Gd,Ex,RFn,7,1Story
1790,Somerst,Gd,Gd,TA,Gd,Ex,Ex,RFn,8,1Story
1797,Somerst,Gd,Gd,TA,Gd,Gd,Ex,RFn,8,2Story
1798,Somerst,Gd,Ex,TA,Gd,Gd,Ex,Fin,8,2Story
1799,Somerst,Gd,Ex,TA,Gd,Ex,Ex,Fin,8,2Story
1802,Somerst,Ex,Ex,TA,Gd,Gd,Ex,Fin,8,1Story
1803,Somerst,Gd,Gd,TA,Gd,Gd,Ex,Fin,8,1Story
1804,Somerst,Gd,Gd,TA,Gd,Gd,Ex,RFn,6,2Story
1805,Somerst,Gd,Gd,TA,Gd,Gd,Ex,RFn,8,2Story
1813,SawyerW,Gd,Gd,TA,Fa,Gd,Ex,RFn,7,1Story
1815,SawyerW,TA,TA,TA,TA,TA,Ex,RFn,6,2Story
1823,Sawyer,TA,TA,TA,TA,TA,TA,RFn,5,1Story
1827,Veenker,Gd,Gd,TA,TA,Gd,Gd,RFn,7,2Story
1828,Veenker,Gd,Gd,TA,Gd,TA,TA,RFn,7,2Story
1830,Sawyer,TA,TA,TA,TA,Gd,TA,Fin,5,SFoyer
1831,Sawyer,TA,Gd,TA,TA,Gd,TA,RFn,6,1Story
1832,NoRidge,Gd,Gd,Gd,Ex,Ex,Ex,RFn,8,2Story
1833,NoRidge,Gd,Gd,TA,TA,Gd,Ex,Fin,8,1.5Fin
1834,Somerst,Gd,Gd,TA,Gd,Gd,Ex,Fin,8,1Story
1837,Somerst,Gd,Gd,TA,Gd,Ex,Ex,RFn,7,1Story
1838,Somerst,Gd,Gd,TA,Gd,Ex,Ex,RFn,7,1Story
1842,Somerst,TA,TA,TA,TA,Gd,Gd,Unf,6,2Story
1843,Somerst,TA,TA,TA,Fa,Gd,Gd,Unf,6,2Story
1844,Somerst,Gd,Gd,TA,TA,Gd,Ex,Unf,6,2Story
1846,Somerst,Gd,Gd,TA,TA,Gd,Ex,Unf,6,2Story
1849,Somerst,Gd,Gd,TA,TA,Gd,Ex,RFn,7,2Story
1851,Somerst,Gd,Gd,TA,Gd,Ex,Ex,Unf,8,2Story
1852,Somerst,Gd,Gd,Gd,TA,Ex,Ex,RFn,8,2Story
1853,Veenker,Gd,Gd,TA,Gd,Gd,Ex,Fin,8,1Story
1854,Veenker,Gd,Gd,Gd,TA,Gd,Ex,RFn,7,1Story
1855,Veenker,TA,Gd,TA,TA,Gd,Ex,Unf,5,SLvl
1856,Veenker,Gd,Gd,TA,Fa,Gd,TA,RFn,5,1Story
1857,Greens,Gd,Gd,TA,TA,Gd,TA,Fin,8,1Story
1858,Veenker,Gd,TA,TA,TA,TA,Ex,RFn,6,SLvl
1859,Veenker,TA,TA,TA,TA,Gd,Ex,RFn,6,1Story
1860,Veenker,Gd,Gd,TA,Gd,Gd,Gd,RFn,8,1Story
1861,Sawyer,TA,TA,TA,TA,Gd,Ex,RFn,5,1.5Fin
1862,Somerst,Gd,Gd,TA,TA,Gd,Ex,Fin,7,2Story
1864,NWAmes,TA,TA,TA,Po,TA,TA,RFn,6,2Story
1867,NWAmes,TA,Gd,TA,TA,TA,TA,RFn,7,1Story
1868,NWAmes,TA,Gd,TA,TA,Gd,Ex,RFn,7,1Story
1869,NWAmes,Gd,Gd,TA,Gd,Gd,Ex,Unf,7,2Story
1871,NWAmes,TA,TA,TA,Fa,TA,Gd,RFn,6,1Story
1872,NWAmes,TA,TA,TA,TA,TA,Fa,Unf,7,1Story
1875,NAmes,TA,TA,TA,Fa,TA,TA,RFn,5,1Story
1877,NAmes,TA,TA,TA,TA,TA,TA,Unf,5,1Story
1880,NAmes,TA,TA,TA,TA,TA,TA,RFn,5,1Story
1885,NAmes,TA,Gd,TA,Gd,TA,Gd,Unf,5,1Story
1887,NAmes,TA,TA,TA,TA,TA,TA,RFn,5,1Story
1888,NAmes,TA,TA,TA,Fa,TA,Ex,Fin,5,1Story
1890,NAmes,TA,TA,TA,TA,TA,Ex,RFn,7,1Story
1893,NAmes,TA,TA,TA,Gd,TA,Ex,RFn,6,2Story
1894,NAmes,TA,TA,TA,TA,TA,TA,RFn,6,1Story
1895,NAmes,TA,Gd,TA,Gd,TA,Gd,RFn,6,1Story
1896,NAmes,TA,Gd,TA,Gd,TA,Ex,Unf,6,1Story
1899,NAmes,TA,Gd,TA,Gd,TA,Ex,Unf,6,1Story
1905,NAmes,TA,TA,TA,TA,TA,TA,RFn,6,2Story
1908,NAmes,TA,TA,TA,Gd,TA,TA,Unf,5,1.5Fin
1909,NAmes,TA,Gd,TA,Gd,TA,Ex,Unf,5,2Story
1911,NAmes,TA,TA,TA,TA,TA,Ex,Fin,5,SFoyer
1912,NAmes,TA,TA,TA,Gd,TA,TA,RFn,6,SLvl
1915,NAmes,TA,TA,TA,Po,Gd,TA,Unf,6,2Story
1922,NAmes,TA,TA,TA,Gd,TA,Ex,Unf,6,1Story
1923,NAmes,TA,TA,TA,Gd,TA,TA,RFn,5,1Story
1924,NAmes,TA,TA,TA,TA,TA,Gd,Unf,6,1Story
1927,NAmes,TA,TA,TA,TA,Gd,Gd,Unf,6,1Story
1928,NAmes,TA,TA,TA,TA,TA,TA,RFn,5,1Story
1936,NAmes,TA,TA,TA,TA,TA,TA,Unf,5,SLvl
1938,NAmes,TA,TA,TA,TA,TA,TA,Unf,5,1Story
1940,NAmes,TA,TA,TA,Fa,TA,Gd,Fin,4,1Story
1944,NAmes,TA,TA,TA,Gd,TA,Ex,Unf,5,1.5Fin
1952,NAmes,TA,TA,TA,TA,TA,TA,Unf,7,SLvl
1955,NAmes,TA,Fa,TA,TA,Gd,TA,Unf,5,2Story
1956,NAmes,TA,TA,TA,Po,TA,Ex,Unf,5,1.5Fin
1957,NAmes,TA,TA,TA,Gd,TA,TA,Unf,6,1Story
1958,NAmes,TA,TA,TA,Gd,TA,Ex,Unf,6,1.5Fin
1960,NAmes,TA,TA,TA,TA,TA,Fa,Unf,5,1Story
1964,NAmes,TA,TA,TA,TA,TA,TA,RFn,5,1Story
